# X,Y,LOS_disp
115.49671936	-8.34363555908	0.0146397424691	0.00318529205776	-0.000225474538586	115.496719365	-8.34341008454
115.507156372	-8.34363555908	0.151226699926	0.0135118339221	-0.000225379025265	115.507156371	-8.34341018006
115.436759949	-8.34362888336	-0.0335447735432	-0.0561394836631	-0.000224635866867	115.436759988	-8.3434042475
115.494979858	-8.34363460541	0.00382865301493	0.0014642013923	-0.000224563320591	115.494979864	-8.34341004209
115.496803284	-8.34363365173	0.0140792683777	0.00326832681313	-0.000223565333353	115.496803288	-8.3434100864
115.498428345	-8.34363365173	0.0206766212559	0.00487618787129	-0.000223532862243	115.498428349	-8.34341011887
115.506080627	-8.34363365173	0.117166992046	0.012447475421	-0.000223468904245	115.506080627	-8.34341018283
115.498985291	-8.34363269806	0.022379885868	0.00542723868525	-0.000222569581907	115.498985294	-8.34341012848
115.499038696	-8.34363269806	0.0226464223132	0.00548007908343	-0.000222568701622	115.4990387	-8.34341012936
115.499588013	-8.34363174438	0.018847294119	0.00602358128291	-0.000221606387757	115.499588016	-8.343410138
115.506591797	-8.34363079071	0.138141246233	0.0129532344627	-0.000220608837097	115.506591796	-8.34341018187
115.497917175	-8.34362888336	0.0182321089981	0.00437042860187	-0.000218773991204	115.497917179	-8.34341010937
115.561836243	-8.34362506866	-0.0114870159407	0.0676129502118	-0.000218849209495	115.561836211	-8.34340621946
115.500350952	-8.34362697601	0.0267924928501	0.00677844541744	-0.000216827271142	115.500350955	-8.34341014874
115.507240295	-8.34362602234	0.15082399683	0.0135948690039	-0.000215842620328	115.507240294	-8.34341017972
115.559890747	-8.34362220764	-0.0152626623998	0.0656880469378	-0.000215718730346	115.559890717	-8.34340648891
115.496292114	-8.34362411499	0.0131860912183	0.00276256772422	-0.000214040172222	115.496292119	-8.34341007482
115.497962952	-8.34362411499	0.0139658025431	0.00441572035341	-0.00021400474213	115.497962956	-8.34341011025
115.495635986	-8.34362316132	0.0120093015338	0.002113384694	-0.000213102323986	115.495635992	-8.34341005899
115.497428894	-8.34362220764	0.015641262214	0.00388731532594	-0.000212107957554	115.497428898	-8.34341009969
115.515846252	-8.34362220764	-0.00501486020226	0.0221097371648	-0.000212156302696	115.515846247	-8.34341005134
115.506103516	-8.34362220764	0.119582794135	0.0124701214237	-0.000212024841241	115.506103515	-8.3434101828
115.43686676	-8.34361553192	-0.0343144466149	-0.0560338050053	-0.000211266018914	115.436866797	-8.34340426591
115.498077393	-8.34362125397	0.018141473602	0.00452895004416	-0.000211141548447	115.498077397	-8.34341011242
115.499237061	-8.34362125397	0.0211908968585	0.00567634360897	-0.000211121402774	115.499237064	-8.34341013257
115.498031616	-8.34361934662	0.0191455156599	0.00448365804607	-0.000209235064165	115.49803162	-8.34341011156
115.493881226	-8.34361839294	0.00692460758015	0.000377195032521	-0.000208381578329	115.49388123	-8.34341001137
115.498573303	-8.34361839294	0.020742571134	0.00501961154954	-0.000208271498164	115.498573307	-8.34341012145
115.499145508	-8.3436164856	0.0219898623347	0.00558575971443	-0.000206354499112	115.499145511	-8.3434101311
115.506690979	-8.34361457825	0.138916180675	0.0130513668011	-0.000204396635018	115.506690978	-8.34341018161
115.491767883	-8.34361362457	0.0016357139843	-0.00171377680117	-0.00020368080678	115.491767891	-8.34340994377
115.500831604	-8.34361362457	0.0277212713839	0.00725400970014	-0.000203469810241	115.500831606	-8.34341015476
115.495056152	-8.3436126709	0.0127485889152	0.00153968768633	-0.000202626790228	115.495056158	-8.34341004411
115.514137268	-8.3436126709	-0.007536909147	0.0204188415643	-0.000202579298184	115.514137264	-8.3434100916
115.495094299	-8.34360980988	0.00939314874704	0.00157743062697	-0.000199764762199	115.495094305	-8.34341004511
115.495147705	-8.34360980988	0.0106385274948	0.00163027088504	-0.000199763361211	115.49514771	-8.34341004652
115.495727539	-8.3436088562	0.0127978324541	0.00220396800908	-0.000198794936194	115.495727544	-8.34341006127
115.498168945	-8.3436088562	0.0222871063997	0.00461953338569	-0.000198742069362	115.498168949	-8.34341011413
115.513595581	-8.34360790253	-0.00516867826321	0.0198828880935	-0.00019779969266	115.513595577	-8.34341010284
115.507896423	-8.34360790253	0.14498972331	0.0142440523291	-0.000197726060948	115.507896422	-8.34341017647
115.507217407	-8.34360694885	0.153467074829	0.0135722231932	-0.000196769040006	115.507217406	-8.34341017981
115.496932983	-8.34360599518	0.0145380658446	0.00339665344386	-0.000195905943595	115.496932988	-8.34341008924
115.506629944	-8.34360599518	0.141382599019	0.0129909777464	-0.000195813402451	115.506629943	-8.34341018178
115.496887207	-8.3436050415	0.015463161844	0.00335136129386	-0.000194953264912	115.496887211	-8.34341008824
115.513679504	-8.3436050415	-0.00748715668305	0.0199659232263	-0.000194940362047	115.5136795	-8.34341010114
115.513641357	-8.34360408783	-0.00337011160421	0.0199281799839	-0.000193985916295	115.513641353	-8.34341010191
115.495620728	-8.34360313416	0.0119925994445	0.00209828678548	-0.000193075544228	115.495620732	-8.34341005861
115.506126404	-8.34360313416	0.12099238247	0.0124927673648	-0.000192951385017	115.506126404	-8.34341018277
115.560150146	-8.34359836578	-0.01338902904	0.0659447040541	-0.000191912252182	115.56015012	-8.34340645353
115.496856689	-8.34359931946	0.0154672991172	0.00332116686431	-0.000189231885685	115.496856694	-8.34341008757
115.49571228	-8.34359741211	0.0139223866733	0.00218887016771	-0.00018735122179	115.495712285	-8.34341006089
115.496368408	-8.34359741211	0.0133464790864	0.00283805353065	-0.000187335521149	115.496368412	-8.34341007659
115.516044617	-8.34359741211	-0.00488365689765	0.0223060024732	-0.000187365917707	115.516044612	-8.34341004619
115.514190674	-8.34359741211	-0.00659248409172	0.0204716823899	-0.000187321656518	115.51419067	-8.34341009045
115.517127991	-8.34359645844	-0.0030359720716	0.0233779097571	-0.000186442094894	115.517127985	-8.34341001634
115.493453979	-8.34359550476	0.00520920579778	-4.55390409874e-05	-0.000185506158623	115.493453974	-8.3434099986
115.498069763	-8.34359550476	0.0188819838909	0.00452140096375	-0.000185392485597	115.498069767	-8.34341011228
115.505470276	-8.34359550476	0.0791983322986	0.0118435840773	-0.000185321647954	115.505470276	-8.34341018311
115.506706238	-8.34359550476	0.141449781367	0.0130664642059	-0.000185323191075	115.506706237	-8.34341018157
115.495262146	-8.34359264374	0.0105947769457	0.0017435000662	-0.000182594245465	115.49526215	-8.34341004949
115.505744934	-8.34359264374	0.0981214934268	0.0121153352078	-0.000182460637121	115.505744934	-8.3434101831
115.51374054	-8.34359073639	-0.00511729862052	0.0200263126121	-0.000180636489179	115.513740536	-8.3434100999
115.498588562	-8.34358978271	0.0155248724514	0.00503470840568	-0.000179661000679	115.498588565	-8.34341012172
115.51436615	-8.34358787537	-0.00678327836832	0.0206453013922	-0.000177788733665	115.514366146	-8.34341008663
115.506286621	-8.34358692169	0.12983726495	0.0126512888426	-0.000176739169145	115.506286621	-8.34341018252
115.506332397	-8.34358692169	0.135141627501	0.0126965807621	-0.000176739251677	115.506332397	-8.34341018244
115.494636536	-8.34358501434	0.00990858457108	0.00112451129471	-0.000174981531614	115.49463654	-8.34341003281
115.495765686	-8.34358501434	0.0125755278587	0.00224171046186	-0.000174952137385	115.49576569	-8.34341006221
115.51309967	-8.34358501434	-0.000572571418919	0.0193922267816	-0.000174901869145	115.513099667	-8.34341011248
115.513793945	-8.34358406067	-0.0086983083663	0.0200791533039	-0.000173961863268	115.513793942	-8.34341009881
115.505203247	-8.34358310699	0.0681099512419	0.0115793815744	-0.00017292405129	115.505203247	-8.34341018294
115.493515015	-8.34358119965	0.00567454704127	1.48370040975e-05	-0.000171199192472	115.493514996	-8.34341000045
115.499259949	-8.34358119965	0.0231147565456	0.00569898884636	-0.000171066717785	115.499259951	-8.34341013293
115.50617218	-8.34358024597	0.121980423671	0.0125380592092	-0.000170063265582	115.50617218	-8.34341018271
115.495803833	-8.3435792923	0.0123369004772	0.00227945332209	-0.000169229154228	115.495803837	-8.34341006314
115.506370544	-8.3435792923	0.133940564539	0.0127343239192	-0.000169109929935	115.506370544	-8.34341018237
115.496452332	-8.34357738495	0.013536616223	0.00292108830729	-0.000167306430098	115.496452335	-8.34341007852
115.498214722	-8.34357738495	0.0204495344656	0.0046648248981	-0.000167269968322	115.498214725	-8.34341011498
115.497047424	-8.34357643127	0.0145777556185	0.0035098822553	-0.00016633957369	115.497047428	-8.3434100917
115.506919861	-8.34357643127	0.148855547239	0.013277826208	-0.000166250359429	115.50691986	-8.34341018092
115.494728088	-8.3435754776	0.0103958350883	0.00121509448071	-0.000165442286122	115.494728092	-8.34341003532
115.495292664	-8.3435754776	0.0129539534272	0.00177369456153	-0.000165427319174	115.495292668	-8.34341005028
115.517295837	-8.3435754776	-0.00626596143429	0.0235439805245	-0.000165466147947	115.517295832	-8.34341001145
115.50642395	-8.3435754776	0.134164508531	0.0127871644804	-0.000165295340701	115.50642395	-8.34341018226
115.49420166	-8.34357452393	0.00655977158371	0.000694237156437	-0.000164503287045	115.494201663	-8.34341002064
115.505699158	-8.34357452393	0.0963253090998	0.0120700434028	-0.000164340809964	115.505699158	-8.34341018312
115.500534058	-8.34357357025	0.0268264218907	0.00695961211762	-0.000163419147652	115.50053406	-8.3434101511
115.516174316	-8.34357357025	-0.00396376781709	0.022434330088	-0.000163527478594	115.516174312	-8.34341004277
115.494781494	-8.34357261658	0.010366406687	0.00126793492749	-0.00016257981318	115.494781498	-8.34341003677
115.497619629	-8.34357261658	0.0170316176464	0.00407603055825	-0.000162513038194	115.497619632	-8.34341010354
115.501159668	-8.34357261658	0.0285646248935	0.00757860082695	-0.000162458037832	115.50115967	-8.34341015854
115.506858826	-8.34357261658	0.146387989923	0.0132174370876	-0.000162435463448	115.506858825	-8.34341018111
115.493598938	-8.3435716629	0.00687070721821	9.78940005055e-05	-0.000161659918853	115.493598941	-8.34341000299
115.516197205	-8.3435716629	-0.0068611295475	0.0224569760446	-0.000161620737661	115.5161972	-8.34341004217
115.515029907	-8.3435716629	-0.00436989818862	0.0213020336945	-0.000161591418975	115.515029903	-8.34341007149
115.51448822	-8.3435716629	-0.00590925123801	0.0207660800583	-0.000161578973411	115.514488217	-8.34341008393
115.495361328	-8.34356975555	0.0108159946304	0.00184163190889	-0.000159703507449	115.495361332	-8.34341005205
115.505241394	-8.34356975555	0.0694826419837	0.0116171248151	-0.000159572575711	115.505241394	-8.34341018298
115.495857239	-8.34356689453	0.0127456787992	0.00233229380451	-0.000156830082086	115.495857243	-8.34341006445
115.497703552	-8.34356689453	0.0174928619907	0.00415906540847	-0.000156789325009	115.497703555	-8.34341010521
115.492416382	-8.34356307983	0.0027663597646	-0.00107214425202	-0.000153114134167	115.492416387	-8.3434099657
115.495246887	-8.34356307983	0.0103885443926	0.00172840206752	-0.000153030736843	115.495246891	-8.3434100491
115.498809814	-8.34356307983	0.021772184813	0.00525361876523	-0.000152954299504	115.498809817	-8.34341012554
115.51512146	-8.34356307983	-0.00457293747659	0.021392617599	-0.000153010526241	115.515121456	-8.34341006931
115.50579071	-8.34356307983	0.0996674779069	0.0121606270912	-0.000152896753708	115.50579071	-8.34341018308
115.507049561	-8.34356307983	0.150920673452	0.0134061531832	-0.000152899372279	115.50704956	-8.34341018046
115.492462158	-8.34356212616	-0.00183249211374	-0.00102685156323	-0.000152158951401	115.492462164	-8.34340996721
115.513778687	-8.34356212616	-0.00720636768216	0.0200640564645	-0.000152027040605	115.513778683	-8.34341009912
115.496543884	-8.34356117249	0.0155856013329	0.00301167150112	-0.000151091880949	115.496543888	-8.34341008061
115.496490479	-8.34356021881	0.0129361793018	0.00295883088326	-0.000150139420787	115.496490482	-8.34341007939
115.506782532	-8.34355926514	0.147053115566	0.0131419507361	-0.000149083787743	115.506782531	-8.34341018135
115.497161865	-8.34355831146	0.013622186806	0.00362311167355	-0.000148217328405	115.497161868	-8.34341009414
115.497207642	-8.34355735779	0.0164167257683	0.00366840337562	-0.000147262689968	115.497207645	-8.3434100951
115.505332947	-8.34355640411	0.0723001994423	0.011707708501	-0.00014622106581	115.505332947	-8.34341018305
115.506950378	-8.34355545044	0.147866375565	0.0133080208842	-0.000145269627334	115.506950378	-8.34341018081
115.494880676	-8.34355449677	0.00919605559409	0.00136606718219	-0.000144457327287	115.49488068	-8.34341003944
115.51499176	-8.34355449677	-0.00721226547461	0.0212642908967	-0.000144424380774	115.514991757	-8.34341007239
115.494293213	-8.34355258942	0.0105065937394	0.000784820482152	-0.000142566175676	115.494293216	-8.34341002324
115.516212463	-8.34354972839	-0.00446139471972	0.0224720739481	-0.000139686634246	115.51621246	-8.34341004176
115.513900757	-8.34354972839	-0.0062867476731	0.0201848349983	-0.000139631797914	115.513900754	-8.3434100966
115.513328552	-8.34354877472	-0.00764251479987	0.0196186867421	-0.000138666617752	115.513328549	-8.3434101081
115.515647888	-8.34354782104	-0.00633332599637	0.0219134743773	-0.000137764657415	115.515647885	-8.34341005639
115.507011414	-8.34354782104	0.150200027175	0.0133684100301	-0.000137640445525	115.507011413	-8.3434101806
115.516242981	-8.34354686737	-0.00477093532603	0.0225022685683	-0.000136826424776	115.516242977	-8.34341004095
115.505249023	-8.34354686737	0.0701181161057	0.0116246734183	-0.000136684385534	115.505249024	-8.34341018299
115.495483398	-8.3435459137	0.0117134556844	0.00196240963727	-0.000135858539472	115.495483402	-8.34341005516
115.495956421	-8.3435459137	0.0143636203847	0.00243042575867	-0.000135846840596	115.495956424	-8.34341006686
115.497238159	-8.3435459137	0.0178083582943	0.00369859779116	-0.000135817958339	115.497238162	-8.34341009574
115.498970032	-8.3435459137	0.0218730390827	0.00541213983495	-0.000135785471951	115.498970034	-8.34341012823
115.505325317	-8.3435459137	0.0712263741006	0.0117001598597	-0.000135730653318	115.505325317	-8.34341018304
115.50592041	-8.3435459137	0.109717188757	0.0122889540241	-0.000135730702324	115.50592041	-8.343410183
115.506340027	-8.3435459137	0.134710084614	0.0127041293903	-0.000135731270344	115.506340027	-8.34341018243
115.506385803	-8.34354496002	0.133593764568	0.0127494212962	-0.000134777684684	115.506385803	-8.34341018234
115.516136169	-8.34354400635	-0.00428302793437	0.0223965876477	-0.000133962564899	115.516136166	-8.34341004378
115.514511108	-8.34354400635	-0.00657761476989	0.0207887266187	-0.000133922929238	115.514511105	-8.34341008342
115.495353699	-8.343542099	0.0108765938901	0.00183408265952	-0.000132047147902	115.495353702	-8.34341005185
115.496528625	-8.343542099	0.01234776746	0.00299657376607	-0.000132018740794	115.496528628	-8.34341008026
115.496612549	-8.343542099	0.0139477319875	0.00307960911855	-0.000132016844078	115.496612552	-8.34341008216
115.493682861	-8.34354114532	0.00686976852254	0.000180929522681	-0.000131139827939	115.493682865	-8.3434100055
115.513961792	-8.34354114532	-0.00535984068701	0.0202452243441	-0.000131050004792	115.513961789	-8.34341009532
115.507102966	-8.34354114532	0.154742383466	0.0134589937806	-0.000130965061902	115.507102966	-8.34341018026
115.43662262	-8.3435344696	-0.0329055085145	-0.0562753757033	-0.000130245820056	115.436622643	-8.34340422379
115.498832703	-8.34354019165	0.019738737321	0.00527626421715	-0.000130065727713	115.498832705	-8.34341012592
115.50629425	-8.34354019165	0.130824583669	0.0126588376166	-0.000130009141037	115.50629425	-8.34341018251
115.505882263	-8.34353923798	0.108374264283	0.0122512109111	-0.000129054952345	115.505882263	-8.34341018302
115.495429993	-8.3435382843	0.0109688697458	0.00190956873501	-0.000128230501007	115.495429996	-8.3434100538
115.506469727	-8.3435382843	0.132994435807	0.012832456422	-0.000128102140647	115.506469726	-8.34341018216
115.436668396	-8.34353065491	-0.0347653095269	-0.0562300845126	-0.000126423214576	115.436668418	-8.3434042317
115.492622375	-8.34353542328	0.0070666619304	-0.000868331031529	-0.000125450832314	115.49262238	-8.34340997245
115.49433136	-8.34353542328	0.00917115545646	0.000822563388778	-0.000125398959985	115.494331362	-8.34341002432
115.498031616	-8.34353542328	0.0197570224963	0.00448365658289	-0.000125311724342	115.498031619	-8.34341011156
115.499259949	-8.34353351593	0.0242242597599	0.00569898807893	-0.000123383001973	115.499259951	-8.34341013293
115.508850098	-8.34353351593	0.111648018273	0.0151876332218	-0.000123346115393	115.508850097	-8.34341016982
115.50592804	-8.34353160858	0.109676364261	0.0122965026695	-0.000121425593964	115.505928039	-8.34341018299
115.497909546	-8.34353065491	0.0194021200993	0.00436287823323	-0.000120545683393	115.497909548	-8.34341010922
115.499023438	-8.34353065491	0.0240548164269	0.00546498010268	-0.000120525800567	115.499023439	-8.34341012911
115.507125854	-8.34353065491	0.1553753459	0.0134816397925	-0.000120474731854	115.507125854	-8.34341018018
115.515258789	-8.34352874756	-0.00366946627351	0.0215284940201	-0.000118681554406	115.515258786	-8.34341006601
115.498443604	-8.34352779388	0.0203617294999	0.00489128308032	-0.000117674739605	115.498443606	-8.34341011915
115.436714172	-8.34352111816	-0.0364201253305	-0.0561847943194	-0.000116878568521	115.436714193	-8.3434042396
115.506011963	-8.34352588654	0.113305061022	0.0123795378061	-0.000115703627974	115.506011963	-8.34341018291
115.494369507	-8.34352397919	0.00852463426241	0.000860306911526	-0.000113953793825	115.49436951	-8.34341002539
115.516365051	-8.34352302551	-0.00504474918596	0.0226230475453	-0.000112987844077	115.516365048	-8.34341003767
115.507064819	-8.34352302551	0.149494221532	0.0134212507104	-0.000112845107097	115.507064819	-8.34341018041
115.500709534	-8.34352207184	0.0280221448596	0.00713323027998	-0.000111918550043	115.500709535	-8.34341015329
115.4949646	-8.34352111816	0.0119264795706	0.00144910088252	-0.000111076482953	115.494964602	-8.34341004168
115.514076233	-8.34352111816	-0.00622991488328	0.0203584544062	-0.000111025261273	115.51407623	-8.3434100929
115.505401611	-8.34352111816	0.0792360628707	0.0117756462566	-0.00011093507778	115.505401611	-8.34341018309
115.512817383	-8.34352016449	-0.002998947779	0.019112928169	-0.000110046803534	115.512817381	-8.34341011769
115.497802734	-8.34351921082	0.0179169346241	0.00425719690088	-0.000109103661522	115.497802736	-8.34341010716
115.49785614	-8.34351825714	0.0180695334962	0.00431003735238	-0.000108148948665	115.497856142	-8.34341010819
115.498504639	-8.34351825714	0.0212530154558	0.00495167208249	-0.000108136908135	115.498504641	-8.34341012023
115.499000549	-8.34351825714	0.0227448987664	0.00544233401923	-0.000108128411712	115.499000551	-8.34341012873
115.49912262	-8.34351825714	0.0229440998675	0.00556311223314	-0.000108126414801	115.499122621	-8.34341013073
115.507148743	-8.34351634979	0.157081882931	0.0135042857745	-0.000106169705843	115.507148742	-8.34341018009
115.494941711	-8.34351444244	0.0101492253406	0.00142645546205	-0.000104401372795	115.494941714	-8.34341004107
115.506973267	-8.34351444244	0.148110472562	0.0133306669426	-0.000104261710408	115.506973266	-8.34341018073
115.496040344	-8.34351348877	0.0156905695014	0.00251346016849	-0.000103419896799	115.496040347	-8.34341006887
115.507232666	-8.34351348877	0.154840522052	0.0135873208476	-0.000103309019511	115.507232666	-8.34341017975
115.496650696	-8.3435125351	0.01075135797	0.00311735136594	-0.000102452083966	115.496650698	-8.34341008301
115.497192383	-8.34351158142	0.0123498839079	0.00365330511469	-0.000101486643581	115.497192385	-8.34341009478
115.514007568	-8.34351158142	-0.00146925965599	0.0202905168203	-0.000101487063901	115.514007566	-8.34341009436
115.506439209	-8.34351158142	0.133565715257	0.012802261862	-0.000101399193681	115.506439209	-8.34341018223
115.560295105	-8.3435049057	-0.00912815076406	0.0660881412071	-9.84720144153e-05	115.560295091	-8.34340643369
115.49571228	-8.34350776672	0.0117668874954	0.0021888680031	-9.77058360646e-05	115.495712283	-8.34341006089
115.49671936	-8.34350776672	0.0139087838203	0.00318528931165	-9.76821802184e-05	115.496719363	-8.34341008454
115.514045715	-8.34350681305	-0.00674550423479	0.0203282601366	-9.67194987598e-05	115.514045713	-8.34341009355
115.559806824	-8.34350299835	-0.0136037709464	0.0656050282538	-9.6498031701e-05	115.55980681	-8.34340650032
115.514122009	-8.34350585938	-0.00534027682438	0.0204037465924	-9.5767448256e-05	115.514122007	-8.34341009193
115.436798096	-8.34349918365	-0.034781000141	-0.0561017630492	-9.49295843358e-05	115.436798112	-8.34340425407
115.496803284	-8.3435049057	0.0162583704127	0.00326832413679	-9.48193006632e-05	115.496803286	-8.3434100864
115.497955322	-8.3435049057	0.0182131757137	0.0044081695944	-9.47955984828e-05	115.497955324	-8.3434101101
115.506538391	-8.3435049057	0.139687196714	0.0129003942134	-9.4723696836e-05	115.506538391	-8.343410182
115.495025635	-8.34350395203	0.0104890969197	0.00150948991539	-9.39087248866e-05	115.495025637	-8.3434100433
115.498550415	-8.34350395203	0.0219527309979	0.0049969637843	-9.38309832946e-05	115.498550417	-8.34341012104
115.50605011	-8.34350395203	0.118624060213	0.0124172810883	-9.37691608623e-05	115.50605011	-8.34341018287
115.498542786	-8.343501091	0.0223436257597	0.00498941491348	-9.09700949973e-05	115.498542787	-8.34341012091
115.497993469	-8.34350013733	0.0187792022936	0.00444591262414	-9.00264989484e-05	115.497993471	-8.34341011083
115.516700745	-8.34350013733	-0.00622706585959	0.0229551884871	-9.01088653277e-05	115.516700742	-8.34341002846
115.512954712	-8.34349918365	-0.0098400635062	0.0192488041361	-8.90684792591e-05	115.51295471	-8.34341011518
115.506072998	-8.34349822998	0.120687588465	0.0124399270067	-8.80471420095e-05	115.506072998	-8.34341018284
115.495124817	-8.34349727631	0.0106000638157	0.00160762176973	-8.72303914573e-05	115.495124819	-8.34341004592
115.497383118	-8.34349727631	0.0171408208358	0.00384202096683	-8.71775608744e-05	115.497383119	-8.34341009875
115.518226624	-8.34349727631	-0.0125703387363	0.0244649174342	-8.72932414331e-05	115.518226621	-8.34340998307
115.499076843	-8.34349727631	0.023029998755	0.00551782005289	-8.71463243098e-05	115.499076845	-8.34341012998
115.515869141	-8.34349632263	-0.00607696911338	0.0221323863577	-8.62718818544e-05	115.515869138	-8.34341005075
115.493904114	-8.34349536896	0.00814025937148	0.000399837795147	-8.53569206924e-05	115.493904115	-8.34341001204
115.498588562	-8.34349536896	0.0166465346166	0.0050347067407	-8.52472433735e-05	115.498588563	-8.34341012172
115.50087738	-8.34349441528	0.0286160210046	0.00729930013286	-8.42599775121e-05	115.500877381	-8.34341015531
115.49924469	-8.34349346161	0.0211078602756	0.00568389011923	-8.33289230106e-05	115.499244691	-8.34341013269
115.494506836	-8.34349250793	0.00998106653855	0.000996181173344	-8.24787038839e-05	115.494506837	-8.34341002923
115.506660461	-8.34349250793	0.145616599894	0.0130211725747	-8.232623949e-05	115.506660461	-8.3434101817
115.507194519	-8.34349250793	0.155014087784	0.01354957773	-8.23280293535e-05	115.507194519	-8.34341017991
115.493888855	-8.34349155426	0.00797625165488	0.000384739431453	-8.15426705246e-05	115.493888855	-8.34341001159
115.505477905	-8.34349155426	0.0818338199848	0.0118511327326	-8.13711452478e-05	115.505477905	-8.34341018312
115.498527527	-8.34349060059	0.0226758910884	0.00497431760697	-8.04799472614e-05	115.498527528	-8.34341012064
115.499229431	-8.34349060059	0.0254373116776	0.0056687928389	-8.0468142965e-05	115.499229432	-8.34341013244
115.4973526	-8.34348869324	0.0166696072992	0.00381182626684	-7.85951207728e-05	115.497352602	-8.34341009812
115.495628357	-8.34348773956	0.012561201461	0.00210583248226	-7.76807614688e-05	115.495628359	-8.3434100588
115.492835999	-8.34348678589	0.00473843584403	-0.000656970360669	-7.68065579319e-05	115.492836002	-8.34340997933
115.498497009	-8.34348678589	0.0200735780864	0.00494412283636	-7.66657912269e-05	115.498497011	-8.3434101201
115.505065918	-8.34348678589	0.0594921194277	0.0114435059356	-7.66031020457e-05	115.505065918	-8.34341018279
115.493431091	-8.34348487854	0.00588020479609	-6.81630122897e-05	-7.4880634663e-05	115.493431108	-8.34340999791
115.492286682	-8.34348392487	0.00315664041654	-0.00120047375514	-7.39634684225e-05	115.492286685	-8.3434099614
115.561782837	-8.34348011017	-0.0118435502975	0.0675601303515	-7.38831914322e-05	115.561782826	-8.34340622698
115.495697021	-8.34348297119	0.012520417339	0.00217377007569	-7.29106818211e-05	115.495697023	-8.34341006051
115.497489929	-8.34348297119	0.0188146910458	0.00394770162658	-7.28702639e-05	115.497489931	-8.34341010093
115.513008118	-8.34348297119	-0.00704503846218	0.0193016449686	-7.28570050199e-05	115.513008116	-8.34341011419
115.49911499	-8.34348201752	0.0228960845483	0.00555556304658	-7.18869144989e-05	115.499114991	-8.3434101306
115.517120361	-8.34348201752	-0.00369285371398	0.0233703644584	-7.20009564692e-05	115.517120359	-8.34341001656
115.491714478	-8.34348106384	0.0015981805011	-0.00176662190138	-7.1121930165e-05	115.49171448	-8.34340994191
115.506690979	-8.34348106384	0.141580431654	0.0130513672479	-7.08822307163e-05	115.506690979	-8.34341018161
115.496856689	-8.34348011017	0.0148475836077	0.00332116412081	-7.00225961634e-05	115.496856691	-8.34341008757
115.513031006	-8.34347915649	-0.00492869197762	0.0193242909982	-6.90427338557e-05	115.513031005	-8.34341011376
115.51360321	-8.34347820282	-0.00146065122707	0.0198904393322	-6.81001387656e-05	115.513603209	-8.34341010268
115.506095886	-8.34347820282	0.121262437828	0.0124625729514	-6.80200097157e-05	115.506095886	-8.34341018281
115.508529663	-8.34347820282	0.146414713266	0.0148705905833	-6.80305160324e-05	115.508529663	-8.3434101723
115.492225647	-8.34347724915	0.000665076104915	-0.00126086296857	-6.72897874942e-05	115.492225649	-8.34340995936
115.494598389	-8.34347724915	0.00908608529856	0.00108676498317	-6.72173827426e-05	115.49459839	-8.34341003176
115.498031616	-8.34347724915	0.0170592908409	0.0044836552823	-6.71375910509e-05	115.498031617	-8.34341011156
115.514282227	-8.3434753418	-0.00612508802375	0.0205622687783	-6.52533276319e-05	115.514282225	-8.34341008847
115.496711731	-8.34347438812	0.0130797726455	0.0031777398918	-6.4303748815e-05	115.496711732	-8.34341008437
115.496955872	-8.34347438812	0.0158294996472	0.00341929630235	-6.429839212e-05	115.496955873	-8.34341008973
115.498703003	-8.34347438812	0.0251334420256	0.00514793601093	-6.42644170739e-05	115.498703004	-8.34341012371
115.50504303	-8.34347438812	0.0631172802752	0.0114208599739	-6.42053666508e-05	115.50504303	-8.34341018276
115.506256104	-8.34347343445	0.129907362726	0.012621094454	-6.32518733933e-05	115.506256103	-8.34341018258
115.496414185	-8.34347248077	0.011871122557	0.00288334251092	-6.24031305941e-05	115.496414186	-8.34341007764
115.516075134	-8.34347248077	-0.00457267717049	0.0223362004128	-6.2435382931e-05	115.516075133	-8.34341004539
115.513084412	-8.34347248077	-0.00879441709647	0.0193771316004	-6.23680129942e-05	115.51308441	-8.34341011276
115.496322632	-8.34347057343	0.0130819432796	0.00279275858866	-6.04978974807e-05	115.496322633	-8.34341007553
115.506774902	-8.34346961975	0.14690086731	0.0131344023564	-5.94383792799e-05	115.506774902	-8.34341018137
115.501625061	-8.34346866608	0.0300207644581	0.00803906701243	-5.85026422004e-05	115.501625062	-8.34341016344
115.513641357	-8.3434677124	-0.00672332296778	0.0199281827638	-5.76104890743e-05	115.513641356	-8.34341010191
115.496894836	-8.34346675873	0.0150239149588	0.00335890720406	-5.66703227624e-05	115.496894838	-8.34341008841
115.513130188	-8.34346675873	-0.000335559794551	0.0194224235876	-5.66468293678e-05	115.513130187	-8.3434101119
115.506629944	-8.34346389771	0.138739546519	0.0129909781392	-5.37159293109e-05	115.506629944	-8.34341018178
115.495796204	-8.34346294403	0.012745687299	0.00227190226075	-5.2881074822e-05	115.495796205	-8.34341006296
115.507247925	-8.34346294403	0.154449310673	0.0136024183839	-5.27643438375e-05	115.507247925	-8.34341017969
115.496932983	-8.34346199036	0.015433009898	0.00339665022483	-5.1901121859e-05	115.496932984	-8.34341008924
115.498077393	-8.34346199036	0.0188614717703	0.00452894690565	-5.18779376366e-05	115.498077393	-8.34341011242
115.513702393	-8.34346199036	-0.00317741390566	0.019988572083	-5.18896792283e-05	115.513702391	-8.34341010068
115.509086609	-8.34346199036	0.115323710378	0.0154216418336	-5.18225438241e-05	115.509086608	-8.34341016781
115.495201111	-8.34346103668	0.010878795336	0.00168310772081	-5.09887740618e-05	115.495201112	-8.34341004791
115.51423645	-8.34345912933	-0.00644883974932	0.0205169772959	-4.90398698382e-05	115.514236449	-8.34341008946
115.505249023	-8.34345912933	0.0694871128738	0.0116246733556	-4.89463484219e-05	115.505249023	-8.34341018299
115.43649292	-8.34345245361	-0.0342560041771	-0.0564037169986	-4.82522654089e-05	115.436492928	-8.34340420135
115.496360779	-8.34345817566	0.0102838035934	0.00283050172295	-4.80992473519e-05	115.49636078	-8.34341007641
115.498176575	-8.34345817566	0.0120646882966	0.00462707926844	-4.80613855981e-05	115.498176576	-8.34341011427
115.515914917	-8.34345817566	-0.00458342887482	0.0221776792298	-4.81260909027e-05	115.515914916	-8.34341004957
115.498733521	-8.34345722198	0.0221527332043	0.00517813026851	-4.70977538931e-05	115.498733521	-8.34341012423
115.517181396	-8.34345626831	-0.00530380847124	0.0234307543687	-4.62535180608e-05	115.517181395	-8.34341001479
115.513114929	-8.34345626831	0.00186595100965	0.0194073265224	-4.61561238819e-05	115.513114928	-8.34341011219
115.506713867	-8.34345626831	0.135508367982	0.0130740132283	-4.60867622961e-05	115.506713867	-8.34341018155
115.496459961	-8.34345531464	0.0122576930501	0.00292863401967	-4.52359430114e-05	115.496459962	-8.34341007869
115.517250061	-8.34345436096	-0.00455762297821	0.0234986922342	-4.43481697191e-05	115.51725006	-8.34341001279
115.51599884	-8.34345436096	-0.0149441731073	0.0222607144315	-4.43135737142e-05	115.515998839	-8.34341004739
115.49886322	-8.34345340729	0.020057653728	0.00530645721008	-4.32808493712e-05	115.498863221	-8.34341012644
115.495254517	-8.34345245361	0.0105720336301	0.00173594774534	-4.2404318519e-05	115.495254517	-8.3434100493
115.505203247	-8.34345245361	0.0664730487478	0.01157938148	-4.22706699399e-05	115.505203247	-8.34341018294
115.506309509	-8.34345245361	0.131108255693	0.0126739350195	-4.22711311474e-05	115.506309509	-8.34341018248
115.494682312	-8.34345149994	0.0105171908538	0.00116979982379	-4.14658735709e-05	115.494682313	-8.34341003407
115.497161865	-8.34345149994	0.0153260410912	0.00362310946047	-4.14058049871e-05	115.497161866	-8.34341009414
115.516120911	-8.34345149994	-0.0060379747286	0.0223814928217	-4.14557532924e-05	115.51612091	-8.34341004419
115.515411377	-8.34345149994	-0.00628025755146	0.0216794688386	-4.14376608359e-05	115.515411376	-8.34341006228
115.497055054	-8.34345054626	0.017566832484	0.00351742826579	-4.04544007194e-05	115.497055054	-8.34341009187
115.514389038	-8.34345054626	-0.00623084242296	0.0206679503643	-4.04601361326e-05	115.514389037	-8.34341008613
115.513679504	-8.34345054626	-0.00529448845044	0.0199659263843	-4.04451228204e-05	115.513679504	-8.34341010114
115.505767822	-8.34345054626	0.0992994624574	0.0121379812261	-4.03631735231e-05	115.505767822	-8.34341018309
115.506828308	-8.34345054626	0.142623330506	0.0131872429485	-4.03650550884e-05	115.506828308	-8.34341018121
115.495864868	-8.34344959259	0.0125915287152	0.00233983938209	-3.95279552074e-05	115.495864869	-8.34341006464
115.513168335	-8.34344959259	-0.00572564565962	0.0194601671695	-3.9481414243e-05	115.513168334	-8.34341011118
115.493553162	-8.34344863892	0.00539477323417	5.25885756766e-05	-3.86373101588e-05	115.493553151	-8.34341000161
115.500518799	-8.34344863892	0.0214860733493	0.00694451323321	-3.84880058273e-05	115.500518799	-8.34341015091
115.560287476	-8.34344387054	-0.0136156695913	0.066080601013	-3.74358130021e-05	115.56028747	-8.34340643473
115.494194031	-8.34344673157	0.00707202157984	0.000686685637553	-3.67111464846e-05	115.494194031	-8.34341002042
115.514862061	-8.34344673157	-0.00538173508606	0.0211359664644	-3.66561485684e-05	115.51486206	-8.34341007542
115.49584198	-8.34344482422	0.0130455439873	0.00231719326684	-3.47601420453e-05	115.49584198	-8.34341006408
115.506286621	-8.34344482422	0.132068562076	0.0126512891019	-3.46416960055e-05	115.506286621	-8.34341018252
115.515472412	-8.34344387054	-0.00591842835607	0.0217398581889	-3.38097730577e-05	115.515472411	-8.34341006077
115.498222351	-8.34344291687	0.0206495196724	0.00467237095901	-3.28017488117e-05	115.498222352	-8.34341011512
115.501121521	-8.3434419632	0.0346780400481	0.00754085611227	-3.18050817985e-05	115.501121521	-8.34341015812
115.516082764	-8.34344100952	-0.00394235312499	0.0223437498497	-3.0964331016e-05	115.516082763	-8.34341004519
115.516166687	-8.34343910217	-0.00485643737956	0.0224267850107	-2.90591977609e-05	115.516166686	-8.34341004298
115.494735718	-8.34343624115	0.0103275690171	0.00122263993167	-2.62056283969e-05	115.494735719	-8.34341003552
115.493644714	-8.34343528748	0.00618284516585	0.000143179647797	-2.52831188659e-05	115.493644711	-8.34341000436
115.506866455	-8.34343528748	0.149881183016	0.0132249861914	-2.51063862211e-05	115.506866455	-8.34341018109
115.500595093	-8.34343338013	0.0277444673134	0.00701999949895	-2.32282545664e-05	115.500595093	-8.34341015187
115.502639771	-8.34343147278	0.0330860037006	0.00904303646282	-2.13005525103e-05	115.502639771	-8.34341017223
115.506965637	-8.3434305191	0.149964956956	0.013323118576	-2.03383441894e-05	115.506965637	-8.34341018076
115.505256653	-8.34342861176	0.0649642083542	0.0116322219481	-1.84287638446e-05	115.505256653	-8.34341018299
115.493682861	-8.34342765808	0.00743080041275	0.000180925493833	-1.76525843303e-05	115.493682861	-8.3434100055
115.516197205	-8.34342765808	-0.00276576557609	0.0224569799234	-1.76159159316e-05	115.516197204	-8.34341004217
115.516120911	-8.34342479706	-0.00603077912431	0.0223814935545	-1.47528724538e-05	115.51612091	-8.34341004419
115.514472961	-8.34342479706	-0.00737128965753	0.0207509860439	-1.47127887978e-05	115.514472961	-8.34341008427
115.495330811	-8.34342288971	0.010195990128	0.00181143345934	-1.28384461252e-05	115.495330811	-8.34341005126
115.501205444	-8.34342288971	0.0335138555536	0.00762389099599	-1.27306646061e-05	115.501205444	-8.34341015905
115.5052948	-8.34342288971	0.0725222224822	0.0116699652186	-1.27066879072e-05	115.5052948	-8.34341018302
115.505958557	-8.34342288971	0.113068715834	0.0123266974153	-1.27067489118e-05	115.505958557	-8.34341018296
115.495979309	-8.34342193604	0.0133745082096	0.0024530686451	-1.18686276514e-05	115.495979309	-8.34341006741
115.505851746	-8.34342193604	0.106417170414	0.0122210163497	-1.17529902529e-05	115.505851746	-8.34341018305
115.506324768	-8.34342193604	0.134302086148	0.0126890323539	-1.17535808294e-05	115.506324768	-8.34341018246
115.494293213	-8.34342098236	0.00867371847103	0.000784817695792	-1.09591200688e-05	115.494293213	-8.34341002324
115.492599487	-8.34342002869	0.00383601064649	-0.000890981013244	-1.00569844698e-05	115.492599488	-8.3434099717
115.506355286	-8.34342002869	0.133247474584	0.0127192269897	-9.84628954406e-06	115.506355286	-8.3434101824
115.505874634	-8.34341907501	0.10819671215	0.0122436622936	-8.89198297099e-06	115.505874634	-8.34341018303
115.506408691	-8.34341907501	0.132622569952	0.0127720674588	-8.89272122067e-06	115.506408691	-8.34341018229
115.506919861	-8.34341812134	0.147022346322	0.0132778267844	-7.94042291343e-06	115.506919861	-8.34341018092
115.436576843	-8.34341144562	-0.0287291489724	-0.0563206890565	-7.22974865459e-06	115.436576845	-8.34340421587
115.495903015	-8.34341716766	0.0127502304373	0.00237758179269	-7.10210068012e-06	115.495903015	-8.34341006556
115.496536255	-8.34341716766	0.0145048210372	0.00300411986466	-7.08723221832e-06	115.496536255	-8.34341008043
115.516807556	-8.34341716766	-0.00472150054177	0.0230608718731	-7.14218786176e-06	115.516807556	-8.34341002548
115.493186951	-8.34341621399	0.0039022250806	-0.00030973397037	-6.22359693309e-06	115.493186953	-8.34340999039
115.498168945	-8.34341621399	0.0191509852754	0.00461952967756	-6.09985748661e-06	115.498168945	-8.34341011413
115.513244629	-8.34341621399	-0.00399510149964	0.0195356542575	-6.10426926104e-06	115.513244629	-8.34341010972
115.496559143	-8.34341526031	0.0139378658551	0.00302676533299	-5.17936498858e-06	115.496559143	-8.34341008095
115.516212463	-8.34341526031	-0.00282951666452	0.0224720775487	-5.21855568477e-06	115.516212463	-8.34341004176
115.506988525	-8.34341526031	0.149021446159	0.0133457646318	-5.0796346795e-06	115.506988525	-8.34341018068
115.493110657	-8.34341335297	0.00452373271791	-0.000385220360663	-3.36495243278e-06	115.493110659	-8.34340998802
115.497833252	-8.34341239929	0.0270712689942	0.00428738943416	-2.29154377803e-06	115.497833252	-8.34341010775
115.514404297	-8.34341239929	-0.00132811876765	0.0206830485349	-2.31350020613e-06	115.514404297	-8.34341008579
115.506896973	-8.34341239929	0.148456023064	0.0132551808297	-2.2183013971e-06	115.506896973	-8.34341018099
115.499443054	-8.34341144562	0.0247213211608	0.00588015369052	-1.3098271386e-06	115.499443054	-8.34341013579
115.505210876	-8.34341144562	0.0694948604332	0.0115869300744	-1.26266701878e-06	115.505210876	-8.34341018295
115.494857788	-8.34340858459	0.0108257013917	0.00134341710534	1.45422820459e-06	115.494857788	-8.34341003882
115.497093201	-8.34340858459	0.016420516675	0.00355517056588	1.50808319959e-06	115.497093201	-8.34341009268
115.515106201	-8.34340858459	-0.00496215565466	0.0213775240542	1.48507711053e-06	115.515106201	-8.34341006967
115.497154236	-8.34340763092	0.0148055648911	0.00361555972647	2.46305235377e-06	115.497154236	-8.34341009397
115.498252869	-8.34340667725	0.0212103826293	0.00470256486153	3.43843745028e-06	115.498252869	-8.34341011568
115.496620178	-8.34340572357	0.0154480810899	0.00308715448348	4.35875468066e-06	115.496620178	-8.34341008233
115.513298035	-8.34340572357	-0.0074152532326	0.0195884949948	4.38512028308e-06	115.513298035	-8.34341010869
115.508262634	-8.34340572357	0.152113245123	0.0146063885744	4.45060963578e-06	115.508262634	-8.34341017418
115.43662262	-8.34339904785	-0.0370121952699	-0.0562753993553	5.17593080693e-06	115.436622619	-8.34340422378
115.49887085	-8.3434047699	0.0212195135297	0.0053140050077	5.35666928873e-06	115.498870849	-8.34341012657
115.497261047	-8.34340381622	0.0171796085694	0.0037212407773	6.2799931229e-06	115.497261047	-8.34341009622
115.497253418	-8.34340286255	0.0159704293689	0.00371369209823	7.23350812907e-06	115.497253418	-8.34341009606
115.516899109	-8.34340286255	-0.00625634551452	0.0231514560632	7.16034294815e-06	115.516899109	-8.34341002289
115.505371094	-8.34340286255	0.0778179747453	0.0117454516709	7.32052187604e-06	115.505371094	-8.34341018307
115.505882263	-8.34340286255	0.108062364454	0.0122512109706	7.32047489447e-06	115.505882263	-8.34341018302
115.494338989	-8.34340000153	0.00932231573902	0.000830108183036	1.0023008056e-05	115.494338988	-8.34341002454
115.501335144	-8.34339809418	0.0277153746539	0.00775221774678	1.20662715081e-05	115.501335144	-8.34341016045
115.507102966	-8.3433971405	0.153764754508	0.0134589943763	1.30397598745e-05	115.507102966	-8.34341018026
115.497283936	-8.34339618683	0.0171989806555	0.0037438864178	1.39098646814e-05	115.497283935	-8.34341009669
115.507209778	-8.34339618683	0.156000471526	0.0135646754131	1.39930149625e-05	115.507209778	-8.34341017984
115.436126709	-8.34338951111	-0.0466625009428	-0.0567660630466	1.46266642004e-05	115.436126706	-8.34340413777
115.497901917	-8.34339427948	0.0173228852958	0.0043553268256	1.58295969291e-05	115.497901916	-8.34341010908
115.512931824	-8.34339332581	-0.00374433296359	0.0192261602035	1.67897915803e-05	115.512931824	-8.3434101156
115.4949646	-8.34339237213	0.0129852315955	0.00144909786438	1.76695497095e-05	115.494964599	-8.34341004168
115.515884399	-8.34339237213	-0.00166300203196	0.0221474863691	1.76782252831e-05	115.5158844	-8.34341005036
115.49848175	-8.34339141846	0.0197934462256	0.00492902381851	1.87013689048e-05	115.49848175	-8.34341011983
115.496124268	-8.34339046478	0.0138664282995	0.00259649200003	1.96060893821e-05	115.496124267	-8.34341007087
115.513381958	-8.34339046478	-0.0041768713888	0.0196715303847	1.96422795827e-05	115.513381958	-8.34341010706
115.507148743	-8.34339046478	0.154108588053	0.0135042862333	1.97153039255e-05	115.507148743	-8.34341018009
115.436157227	-8.34338378906	-0.0406775431291	-0.0567358694552	2.03540207061e-05	115.436157223	-8.34340414308
115.496665955	-8.34338855743	0.0155938163808	0.00313244617585	2.1525918635e-05	115.496665954	-8.34341008335
115.518157959	-8.34338855743	-0.011869941086	0.024396983105	2.14277989e-05	115.51815796	-8.34340998523
115.505477905	-8.34338855743	0.0818611638123	0.0118511326711	2.16256809198e-05	115.505477905	-8.34341018312
115.515762329	-8.34338760376	-0.00685605517229	0.0220267081214	2.24497270474e-05	115.51576233	-8.34341005349
115.499580383	-8.34338665009	0.0244217226537	0.00601602892983	2.34877967181e-05	115.499580383	-8.34341013788
115.497947693	-8.34338569641	0.0179895632129	0.00440061863397	2.44135450127e-05	115.497947692	-8.34341010996
115.49446106	-8.34338474274	0.0106406386304	0.000950886924971	2.52852199021e-05	115.494461059	-8.34341002796
115.498420715	-8.34338474274	0.0213804974457	0.00486863469332	2.53759973092e-05	115.498420715	-8.34341011874
115.505989075	-8.34338474274	0.11455385881	0.0123568919978	2.54401943882e-05	115.505989075	-8.34341018293
115.497322083	-8.34338378906	0.0163331080122	0.00378162939534	2.63084229192e-05	115.497322082	-8.34341009749
115.498527527	-8.34338378906	0.0200237246874	0.00497431570197	2.63315761582e-05	115.498527526	-8.34341012064
115.499038696	-8.34338378906	0.0228107742713	0.00548007495999	2.63402949237e-05	115.499038696	-8.34341012936
115.495429993	-8.34338283539	0.00939164747146	0.00190956529948	2.7218412518e-05	115.495429992	-8.3434100538
115.515792847	-8.34338283539	-0.00794453309117	0.022056902857	2.72173195887e-05	115.515792847	-8.34341005271
115.495582581	-8.34338188171	0.0118487043583	0.00206053772448	2.81759423383e-05	115.495582579	-8.34341005766
115.505973816	-8.34338188171	0.113419723202	0.0123417946826	2.83012323036e-05	115.505973816	-8.34341018295
115.493347168	-8.34337997437	0.0058024540207	-0.000151209555631	3.00209743405e-05	115.493347173	-8.34340999534
115.499588013	-8.34337902069	0.0233560486115	0.00602357747102	3.11173060623e-05	115.499588012	-8.343410138
115.50592041	-8.34337902069	0.110874690291	0.0122889541724	3.11623030471e-05	115.50592041	-8.343410183
115.498512268	-8.34337711334	0.0206724414837	0.0049592182148	3.30070260457e-05	115.498512267	-8.34341012037
115.516616821	-8.34337711334	-0.00794842068307	0.0228721568309	3.29174491184e-05	115.516616822	-8.34341003079
115.496696472	-8.34337615967	0.0159726085028	0.00316264034571	3.39243659971e-05	115.496696471	-8.34341008404
115.496208191	-8.34337520599	0.0139673388803	0.00267952693372	3.48668601856e-05	115.49620819	-8.34341007285
115.507232666	-8.34337425232	0.154833348229	0.0135873214109	3.59274306793e-05	115.507232666	-8.34341017975
115.516479492	-8.34337329865	-0.00610337105783	0.0227362813092	3.67359172551e-05	115.516479493	-8.34341003456
115.505455017	-8.34337329865	0.0811679803596	0.0118284867349	3.68844628971e-05	115.505455017	-8.34341018311
115.495033264	-8.3433713913	0.00888729112495	0.00151703516971	3.86522069371e-05	115.495033263	-8.3434100435
115.512969971	-8.3433713913	-0.00184520368395	0.0192639038389	3.87235972365e-05	115.512969971	-8.34341011489
115.50605011	-8.3433713913	0.119151098252	0.0124172811764	3.87915691171e-05	115.50605011	-8.34341018287
115.492759705	-8.34337043762	0.00605145327213	-0.000732460168591	3.95392630653e-05	115.492759705	-8.34340997689
115.494430542	-8.34337043762	0.00963163800694	0.000920691860792	3.95894824477e-05	115.494430541	-8.34341002711
115.498466492	-8.34337043762	0.0197686162112	0.00491392617123	3.96819317849e-05	115.498466491	-8.34341011955
115.496177673	-8.34336948395	0.0140077192623	0.00264933198659	4.05881874904e-05	115.496177672	-8.34341007214
115.497421265	-8.34336948395	0.0174452663487	0.00387976154443	4.06155801496e-05	115.497421264	-8.34341009953
115.499145508	-8.34336948395	0.021266712869	0.00558575579949	4.06471488024e-05	115.499145507	-8.3434101311
115.514122009	-8.34336948395	-0.00511451547022	0.0204037495397	4.06079789627e-05	115.51412201	-8.34341009193
115.505302429	-8.34336948395	0.0730903400106	0.0116775138092	4.06990793837e-05	115.505302429	-8.34341018303
115.496818542	-8.34336853027	0.0152641434884	0.0032834184199	4.15564622121e-05	115.496818541	-8.34341008674
115.495567322	-8.34336662292	0.0114322220382	0.00204543996216	4.34343484774e-05	115.49556732	-8.34341005727
115.505065918	-8.34336662292	0.0594312821739	0.0114435057445	4.35598618226e-05	115.505065918	-8.34341018279
115.514785767	-8.34336566925	-0.00319788299602	0.0210604819192	4.44079335915e-05	115.514785768	-8.34341007719
115.505554199	-8.34336566925	0.0881840563153	0.0119266191336	4.45138786472e-05	115.505554199	-8.34341018313
115.492248535	-8.34336471558	0.00138491224595	-0.00123822053407	4.52445476045e-05	115.492248534	-8.34340996012
115.495635986	-8.34336471558	0.0121722244645	0.00211337831314	4.53434156812e-05	115.495635985	-8.34341005899
115.496284485	-8.34336471558	0.0138427319447	0.00275501312698	4.53590639402e-05	115.496284484	-8.34341007464
115.498550415	-8.34336471558	0.0209797110521	0.00499696115855	4.54054668829e-05	115.498550414	-8.34341012104
115.498588562	-8.34336471558	0.0214751553678	0.00503470449659	4.54061379561e-05	115.498588561	-8.34341012172
115.502639771	-8.34336471558	0.0335981394808	0.00904303605978	4.5456649641e-05	115.50263977	-8.34341017223
115.506629944	-8.34336471558	0.143025115625	0.0129909783636	4.54661996e-05	115.506629944	-8.34341018178
115.494506836	-8.3433637619	0.0104978591417	0.000996177880582	4.62673287735e-05	115.494506834	-8.34341002923
115.50088501	-8.34336280823	0.0285177846705	0.0073068471664	4.73471681584e-05	115.500885009	-8.3434101554
115.505508423	-8.34336280823	0.0831113640665	0.0118813272479	4.73748948633e-05	115.505508423	-8.34341018312
115.506141663	-8.34336090088	0.123770224655	0.0125078650069	4.92818705422e-05	115.506141663	-8.34341018275
115.495079041	-8.3433599472	0.00996642139871	0.00156232669165	5.00975070208e-05	115.495079039	-8.34341004471
115.499267578	-8.3433599472	0.0239765546016	0.00570653389492	5.01858445369e-05	115.499267577	-8.34341013305
115.514160156	-8.3433599472	-0.00513247818472	0.0204414929954	5.01439047441e-05	115.514160157	-8.34341009111
115.512893677	-8.3433599472	-0.00491539246094	0.0191884175806	5.0169092611e-05	115.512893678	-8.3434101163
115.507896423	-8.3433599472	0.153230185655	0.0142440537876	5.02292613203e-05	115.507896424	-8.34341017647
115.498596191	-8.34335899353	0.0220249792211	0.00504225293028	5.1128317632e-05	115.49859619	-8.34341012185
115.495674133	-8.34335708618	0.0124338204062	0.00215112095105	5.29737598653e-05	115.495674132	-8.34341005994
115.506111145	-8.34335422516	0.123358715775	0.0124776704118	5.59576317822e-05	115.506111145	-8.34341018279
115.516487122	-8.34335327148	-0.00887690703657	0.0227438305187	5.67628696344e-05	115.516487123	-8.34341003436
115.493988037	-8.34335231781	0.00671134835602	0.000482869949981	5.76966753396e-05	115.493988035	-8.34341001449
115.497459412	-8.34335231781	0.0176880735024	0.00391750434898	5.77824968445e-05	115.49745941	-8.34341010031
115.499168396	-8.34335136414	0.023858333134	0.00560840139301	5.87673297628e-05	115.499168395	-8.34341013147
115.505577087	-8.34335136414	0.0941637952573	0.0119492651175	5.88189947948e-05	115.505577087	-8.34341018313
115.496864319	-8.34335041046	0.0170936002471	0.00332870994396	5.96772777218e-05	115.496864317	-8.34341008774
115.518218994	-8.34335041046	-0.00762179284073	0.0244573735016	5.95728447193e-05	115.518218996	-8.34340998331
115.514396667	-8.34335041046	-0.00202493269361	0.0206755012596	5.96754987739e-05	115.514396669	-8.34341008596
115.516036987	-8.34334945679	-0.0160662719494	0.0222984604587	6.05896042729e-05	115.516036989	-8.34341004639
115.514213562	-8.34334945679	-0.00606033502245	0.020494333749	6.06331717685e-05	115.514213563	-8.34341008996
115.505622864	-8.34334945679	0.0912109083768	0.0119945569542	6.07263422838e-05	115.505622864	-8.34341018313
115.513122559	-8.34334850311	-0.00129988657914	0.019414877217	6.16089299282e-05	115.51312256	-8.34341011204
115.506248474	-8.34334850311	0.123398146305	0.0126135460343	6.16794747185e-05	115.506248474	-8.34341018259
115.493499756	-8.34334659576	0.00645646246811	-0	6.34042272788e-05	115.4935	-8.34341
115.507247925	-8.34334659576	0.150718497424	0.0136024188662	6.35839227613e-05	115.507247925	-8.34341017969
115.50566864	-8.34334564209	0.0963143783687	0.0120398488395	6.4541033154e-05	115.50566864	-8.34341018312
115.506706238	-8.34334564209	0.143898707141	0.0130664648753	6.45394798235e-05	115.506706238	-8.34341018157
115.506736755	-8.34334564209	0.143746203892	0.0130966594841	6.45393932981e-05	115.506736756	-8.34341018148
115.506835938	-8.34334468842	0.149315300932	0.0131947918979	6.54927702857e-05	115.506835938	-8.34341018119
115.498710632	-8.34334373474	0.0239937326792	0.00515548245531	6.63890958463e-05	115.498710631	-8.34341012384
115.514251709	-8.34334373474	-0.00985231595488	0.0205320771022	6.63543915388e-05	115.51425171	-8.34341008913
115.50668335	-8.34334373474	0.142953207394	0.0130438189503	6.64468918205e-05	115.50668335	-8.34341018163
115.499740601	-8.34334087372	0.0227190742765	0.00617454974475	6.92665444109e-05	115.499740599	-8.34341014026
115.514312744	-8.34333992004	-0.00653455270391	0.0205924663653	7.01677594048e-05	115.514312746	-8.3434100878
115.492881775	-8.34333896637	0.00676169739905	-0.000611683386518	7.10144213546e-05	115.492881773	-8.34340998079
115.507278442	-8.34333896637	0.15447912794	0.0136326134246	7.12131893402e-05	115.507278443	-8.34341017956
115.49811554	-8.3433380127	0.0175311025502	0.00456668782938	7.210043977e-05	115.498115538	-8.34341011314
115.495178223	-8.34333705902	0.0119941294069	0.00166045870783	7.29882905407e-05	115.495178221	-8.34341004731
115.498161316	-8.34333515167	0.017904374058	0.00461197966123	7.49623174552e-05	115.498161314	-8.34341011399
115.497543335	-8.343334198	0.0186754283457	0.00400053933835	7.5904009826e-05	115.497543333	-8.34341010201
115.50617218	-8.343334198	0.123573140002	0.0125380596162	7.59847080489e-05	115.50617218	-8.34341018271
115.506767273	-8.343334198	0.141961426284	0.0131268541063	7.59833962291e-05	115.506767273	-8.3434101814
115.496330261	-8.34333324432	0.012936233488	0.00280030415531	7.6831381137e-05	115.496330259	-8.34341007571
115.505645752	-8.34333229065	0.0953478756376	0.0120172029287	7.78924774384e-05	115.505645752	-8.34341018313
115.496925354	-8.34333133698	0.0152699371584	0.0033890987693	7.87520938877e-05	115.496925352	-8.34341008907
115.495780945	-8.3433303833	0.0130479993644	0.00225680137614	7.96792803592e-05	115.495780943	-8.34341006258
115.498748779	-8.3433303833	0.0225114583823	0.00519322542896	7.97411920332e-05	115.498748778	-8.34341012449
115.50289917	-8.3433303833	0.0319206547347	0.00929968985932	7.97907583634e-05	115.502899169	-8.34341017406
115.514350891	-8.34332942963	-0.00877753863656	0.0206302098166	8.0657341285e-05	115.514350893	-8.34341008697
115.496360779	-8.3433265686	0.0144395808916	0.00283049863263	8.35078082723e-05	115.496360777	-8.34341007641
115.498062134	-8.3433265686	0.0185760402899	0.00451384700946	8.35435277349e-05	115.498062132	-8.34341011213
115.498146057	-8.3433265686	0.0198135333566	0.00459688214954	8.35451019664e-05	115.498146055	-8.34341011371
115.514930725	-8.3433265686	-0.00133204965535	0.0212039071277	8.35052140195e-05	115.514930727	-8.34341007382
115.499343872	-8.34332561493	0.0239265715808	0.0057820199474	8.45193213196e-05	115.499343871	-8.34341013425
115.513183594	-8.34332561493	-0.00213643799827	0.0194752668211	8.44959568171e-05	115.513183595	-8.34341011089
115.50730896	-8.34332561493	0.153998209767	0.0136628081295	8.45644994895e-05	115.50730896	-8.34341017943
115.495811462	-8.34332466125	0.0125705002324	0.00228699586631	8.54020751894e-05	115.49581146	-8.34341006333
115.499290466	-8.34332466125	0.0200090689228	0.00572917933531	8.54721561928e-05	115.499290465	-8.34341013341
115.501617432	-8.34332466125	0.0303099167221	0.00803151690226	8.55021037009e-05	115.501617431	-8.34341016336
115.514793396	-8.34332370758	-0.00560075398105	0.0210680315278	8.63694276265e-05	115.514793398	-8.34341007701
115.495758057	-8.34332275391	0.0122619578203	0.00223415500163	8.73081116537e-05	115.495758054	-8.34341006202
115.51486969	-8.34332275391	-0.00480668650931	0.0211435180105	8.73213351931e-05	115.514869692	-8.34341007524
115.505027771	-8.34332275391	0.0577638824297	0.0114057624513	8.74288284553e-05	115.505027771	-8.34341018274
115.506263733	-8.34332275391	0.129881293867	0.0126286433257	8.74286557893e-05	115.506263733	-8.34341018256
115.494720459	-8.34332180023	0.0110307386618	0.00120753870371	8.82348742241e-05	115.494720456	-8.34341003511
115.50680542	-8.34332180023	0.148887676449	0.01316459737	8.83810479929e-05	115.50680542	-8.34341018128
115.497001648	-8.34331893921	0.023485540802	0.00346458484349	9.11515091768e-05	115.497001646	-8.34341009072
115.516815186	-8.34331893921	-0.00453304211397	0.0230684233373	9.1086052164e-05	115.516815188	-8.34341002526
115.505111694	-8.34331893921	0.0688026289571	0.0114887975319	9.12436351343e-05	115.505111694	-8.34341018285
115.496406555	-8.34331798553	0.0139490260807	0.00287579024697	9.20919331328e-05	115.496406553	-8.34341007747
115.498733521	-8.34331798553	0.0303671033157	0.0051781279458	9.21386962749e-05	115.498733519	-8.34341012423
115.49521637	-8.34331512451	0.0108682226585	0.00169820106748	9.49237932264e-05	115.495216367	-8.34341004831
115.495285034	-8.34331321716	0.0112739038692	0.00176613907934	9.68329208113e-05	115.495285032	-8.34341005009
115.498260498	-8.34331226349	0.0199301143645	0.00471011158888	9.78523349497e-05	115.498260496	-8.34341011582
115.5051651	-8.34331226349	0.064557268112	0.0115416381248	9.79194157788e-05	115.5051651	-8.34341018291
115.505729675	-8.34331130981	0.0972976766867	0.0121002380412	9.88732918527e-05	115.505729675	-8.34341018311
115.506278992	-8.34331130981	0.132475379072	0.0126437407215	9.88727215379e-05	115.506278992	-8.34341018254
115.495323181	-8.34330940247	0.0117247848433	0.00180388188482	0.000100648601284	115.495323178	-8.34341005107
115.514892578	-8.34330940247	-0.00434982486978	0.0211661642666	0.000100672242749	115.51489258	-8.34341007471
115.494163513	-8.34330844879	0.00827740137379	0.000656486981788	0.000101570756718	115.494163509	-8.34341001955
115.502281189	-8.34330844879	0.0303280829003	0.00868824914294	0.000101720622363	115.502281188	-8.34341016941
115.505699158	-8.34330844879	0.0984440434944	0.0120700434632	0.000101734324315	115.505699158	-8.34341018312
115.506332397	-8.34330844879	0.129627201116	0.0126965812788	0.000101733648711	115.506332398	-8.34341018244
115.516822815	-8.34330749512	-0.00480856549436	0.0230759722831	0.000102529929279	115.516822818	-8.34341002505
115.497161865	-8.34330654144	0.016968019023	0.00362310634204	0.00010355269107	115.497161863	-8.34341009414
115.516120911	-8.34330654144	-0.00399200066965	0.0223814966811	0.000103502742747	115.516120913	-8.34341004419
115.501716614	-8.34330654144	0.0335080969452	0.00812964916445	0.000103622890678	115.501716613	-8.34341016433
115.49723053	-8.34330558777	0.0155356289368	0.00369104397998	0.00010450780961	115.497230527	-8.34341009558
115.498794556	-8.34330558777	0.023274743861	0.00523851687917	0.000104537506357	115.498794554	-8.34341012528
115.502891541	-8.34330558777	0.0314743689601	0.00929214102683	0.000104586239078	115.50289154	-8.34341017401
115.506866455	-8.34330558777	0.148808917386	0.0132249866048	0.000104593320822	115.506866455	-8.34341018109
115.493637085	-8.34330463409	0.00724203439877	0.000135626451675	0.000105370033989	115.493637077	-8.34341000413
115.49647522	-8.34330368042	0.014486325492	0.00294372783782	0.000106398622054	115.496475217	-8.34341007904
115.505897522	-8.34330368042	0.106908500831	0.0122663082939	0.000106502592339	115.505897522	-8.34341018301
115.560180664	-8.34329986572	-0.0150978365783	0.0659749398946	0.000106583632615	115.560180679	-8.34340644936
115.50692749	-8.34329986572	0.151563529642	0.0132853758103	0.000110315166822	115.506927491	-8.34341018089
115.498779297	-8.34329891205	0.0241407216893	0.00522341947556	0.000111212966449	115.498779295	-8.34341012502
115.51448822	-8.34329891205	-0.0068594540262	0.0207660862012	0.000111171881011	115.514488223	-8.34341008393
115.495895386	-8.34329795837	0.00988799170251	0.00237003027732	0.000112107003572	115.495895383	-8.34341006538
115.494232178	-8.3432970047	0.00916007066656	0.000724424297529	0.00011301680861	115.494232174	-8.34341002151
115.49886322	-8.3432970047	0.0195116186565	0.0053064546688	0.000113121738496	115.498863218	-8.34341012644
115.501739502	-8.3432970047	0.0300367525649	0.00815229503208	0.00011315985533	115.501739501	-8.34341016456
115.507019043	-8.34329509735	0.152615123781	0.013375959595	0.000115083221075	115.507019043	-8.34341018057
115.506362915	-8.34329223633	0.134066072452	0.0127267759032	0.000117946054153	115.506362915	-8.34341018238
115.506958008	-8.34329128265	0.151893168536	0.0133155704466	0.000118898132228	115.506958008	-8.34341018079
115.496017456	-8.34328937531	0.0130282649747	0.00249080863563	0.000120693019132	115.496017453	-8.34341006833
115.494903564	-8.34328746796	0.0103547290367	0.00138870554993	0.000122572094766	115.494903561	-8.34341004005
115.495361328	-8.34328746796	0.0122108039533	0.00184162478437	0.000122584090115	115.495361325	-8.34341005205
115.513954163	-8.34328651428	-0.00537367622175	0.0202376810779	0.000123581197607	115.513954165	-8.34341009548
115.506484985	-8.34328556061	0.13188341963	0.0128475542817	0.000124621519274	115.506484986	-8.34341018213
115.497756958	-8.34328365326	0.0189505708292	0.0042119003392	0.000126452998716	115.497756955	-8.34341010626
115.494346619	-8.34328269958	0.00860043114836	0.000837654202108	0.000127325163947	115.494346615	-8.34341002475
115.49546814	-8.34328269958	0.0115252947493	0.00194730571629	0.000127355185056	115.495468136	-8.34341005477
115.498245239	-8.34328269958	0.0206783934623	0.00469501376643	0.000127415958219	115.498245237	-8.34341011554
115.505821228	-8.34328269958	0.107900545433	0.0121908218328	0.000127483478798	115.505821228	-8.34341018306
115.506462097	-8.34328269958	0.134108027421	0.0128249083011	0.000127482592899	115.506462097	-8.34341018218
115.507049561	-8.34328269958	0.153975141334	0.0134061542435	0.000127480876742	115.507049561	-8.34341018046
115.505744934	-8.34328174591	0.0989932999867	0.0121153353582	0.00012843719003	115.505744934	-8.3434101831
115.496566772	-8.34328079224	0.0160839462022	0.00303431105867	0.000129288886159	115.496566769	-8.34341008112
115.50579071	-8.34328079224	0.104822286636	0.0121606272111	0.000129390843942	115.50579071	-8.34341018308
115.50630188	-8.34328079224	0.130281659521	0.0126663867259	0.000129390259485	115.50630188	-8.3434101825
115.49370575	-8.34327983856	0.00890576648309	0.00020356549236	0.000130167616891	115.493705743	-8.34341000618
115.513893127	-8.34327983856	-0.00515930246253	0.0201772920597	0.000130258192374	115.51389313	-8.34341009676
115.507095337	-8.34327983856	0.152286759856	0.0134514461931	0.000130341729648	115.507095337	-8.34341018029
115.506988525	-8.34327793121	0.153378303012	0.0133457650687	0.000132249466877	115.506988526	-8.34341018068
115.494812012	-8.34327697754	0.0106515799863	0.00129812148743	0.00013306005016	115.494812008	-8.34341003759
115.497200012	-8.34327697754	0.0186514865594	0.00366084898676	0.000133117398675	115.497200009	-8.34341009494
115.496055603	-8.34327507019	0.0133738601006	0.00252855137322	0.000134999047072	115.496055599	-8.34341006924
115.505905151	-8.34327507019	0.11005782638	0.0122738569996	0.000135112815879	115.505905151	-8.34341018301
115.496627808	-8.34327411652	0.0141690601694	0.00309470029493	0.000135965981726	115.496627805	-8.3434100825
115.516899109	-8.34327411652	-0.00661414634023	0.0231514596998	0.000135906375617	115.516899113	-8.34341002289
115.497825623	-8.34327316284	0.0186716693131	0.00427983810611	0.000136944758022	115.49782562	-8.3434101076
115.515632629	-8.34327316284	-0.00604270167486	0.0218983840813	0.000136893929886	115.515632633	-8.34341005677
115.513336182	-8.34327316284	-0.00377355896359	0.0196262408204	0.00013694511162	115.513336184	-8.34341010795
115.495445251	-8.34327220917	0.010549997922	0.00192465937629	0.00013784502136	115.495445248	-8.34341005419
115.505355835	-8.34327220917	0.0745034982573	0.0117303542672	0.000137973894564	115.505355835	-8.34341018306
115.493240356	-8.34327125549	0.00589401323776	-0.00025690075971	0.00013873655533	115.493240351	-8.34340999205
115.494857788	-8.34327125549	0.0101962791209	0.00134341303588	0.000138783329723	115.494857784	-8.34341003882
115.49609375	-8.34327125549	0.0136148939854	0.00256629460637	0.000138814653885	115.496093746	-8.34341007015
115.505332947	-8.34327125549	0.0725401060424	0.0117077083142	0.000138927554798	115.505332947	-8.34341018305
115.493759155	-8.34327030182	0.0069376807899	0.000256403734442	0.000139705946855	115.493759147	-8.34341000777
115.499526978	-8.34327030182	0.026714137527	0.00596318654247	0.000139835255507	115.499526975	-8.34341013708
115.499015808	-8.3432674408	0.0295002117599	0.00545742713495	0.000142688185118	115.499015806	-8.34341012898
115.516845703	-8.34326648712	-0.00651728112866	0.0230986193863	0.000143537279984	115.516845707	-8.3434100244
115.50705719	-8.34326648712	0.153300257932	0.0134137029433	0.000143693312143	115.50705719	-8.34341018043
115.494384766	-8.34326267242	0.00969691427662	0.000875397397502	0.000147353397483	115.494384762	-8.34341002582
115.514625549	-8.34326267242	-0.00595682616177	0.0209019626349	0.000147408419377	115.514625553	-8.34341008084
115.507164001	-8.34326267242	0.154485995771	0.0135193840288	0.000147507602422	115.507164002	-8.34341018003
115.496177673	-8.34326171875	0.0127772491478	0.00264932951036	0.000148353385211	115.49617767	-8.34341007214
115.515228271	-8.34326171875	0.00102301491942	0.0214983059644	0.000148347992309	115.515228275	-8.34341006674
115.505439758	-8.34325885773	0.0801389276668	0.0118133894424	0.000151325375412	115.505439758	-8.3434101831
115.49382782	-8.34325790405	0.00849434047617	0.000324345225911	0.00015210574265	115.493827815	-8.3434100098
115.505523682	-8.34325790405	0.0843575099204	0.011896424565	0.000152279072504	115.505523682	-8.34341018313
115.514167786	-8.34325695038	-0.00711243330476	0.0204490438674	0.000153140566977	115.514167789	-8.34341009095
115.516448975	-8.3432559967	-0.0107845177795	0.0227060899496	0.000154038689684	115.516448979	-8.34341003539
115.436088562	-8.34324932098	-0.0403777725013	-0.056803830946	0.000154810144892	115.436088534	-8.34340413113
115.497901917	-8.34325408936	0.0182054132796	0.00435532423144	0.000156019721413	115.497901913	-8.34341010908
115.496704102	-8.34325313568	0.0151082413849	0.00317018605994	0.000156948522734	115.496704098	-8.3434100842
115.51423645	-8.34325313568	-0.00588236586795	0.0205169818258	0.000156953782462	115.514236454	-8.34341008946
115.43611908	-8.34324455261	-0.0384799519238	-0.056773637193	0.000159583830022	115.436119051	-8.34340413644
115.498466492	-8.34325027466	0.0223402938417	0.00491392409448	0.000159844895637	115.498466489	-8.34341011955
115.514099121	-8.34325027466	-0.00489582966079	0.0203811061781	0.000159817757162	115.514099125	-8.34341009242
115.506118774	-8.34325027466	0.1204544137	0.0124852191852	0.000159908122235	115.506118775	-8.34341018278
115.508399963	-8.34324932098	0.153371265185	0.0147422652685	0.0001608522542	115.508399964	-8.34341017324
115.507247925	-8.34324836731	0.157857165865	0.0136024192413	0.000161812377347	115.507247925	-8.34341017969
115.506607056	-8.34324741364	0.142002191282	0.0129683327102	0.000162768199506	115.506607056	-8.34341018184
115.507133484	-8.34324741364	0.154330041606	0.0134891895073	0.00016276651069	115.507133484	-8.34341018015
115.494445801	-8.34324550629	0.0107270251934	0.000935786159844	0.00016452124424	115.494445796	-8.34341002753
115.561645508	-8.34324169159	-0.0110808194301	0.0674242885867	0.000164554698443	115.561645531	-8.34340624629
115.513504028	-8.34324359894	-0.001433656555	0.0197923116746	0.000166505722195	115.513504032	-8.34341010466
115.499053955	-8.34324264526	0.0240425129795	0.00549516987192	0.000167484343934	115.499053952	-8.34341012961
115.505996704	-8.34324264526	0.116839996588	0.0123644408465	0.000167537659837	115.505996704	-8.34341018292
115.495643616	-8.34324169159	0.0109646145379	0.00212092324564	0.000168367592674	115.495643611	-8.34341005918
115.498672485	-8.34324073792	0.0214625778021	0.00511773730534	0.000169385262593	115.498672482	-8.34341012318
115.513031006	-8.34324073792	0.00184823146886	0.0193242955058	0.000169375845203	115.513031009	-8.34341011376
115.495582581	-8.34323978424	0.0113470148212	0.00206053454067	0.000170273415443	115.495582576	-8.34341005766
115.50718689	-8.34323883057	0.155045299016	0.0135420300853	0.000171349369405	115.50718689	-8.34341017994
115.494522095	-8.34323787689	0.00491530958798	0.00101127244922	0.000172152761969	115.49452209	-8.34341002966
115.498512268	-8.34323787689	0.0206803080402	0.00495921564257	0.000172243476222	115.498512265	-8.34341012037
115.503112793	-8.34323787689	0.0308792879697	0.00951105134406	0.00017229855025	115.503112792	-8.34341017544
115.561668396	-8.34323406219	-0.00815664962465	0.0674469356193	0.000172180877324	115.561668421	-8.34340624307
115.517051697	-8.34323692322	-0.00524851201863	0.0233024337583	0.000173095320727	115.517051702	-8.34341001854
115.515869141	-8.34323692322	-0.00634088337301	0.0221323931258	0.000173127532126	115.515869145	-8.34341005075
115.506637573	-8.34323596954	0.141638884716	0.0129985273723	0.000174212212352	115.506637574	-8.34341018176
115.495567322	-8.34323501587	0.0120303087671	0.00204543675484	0.000175041404097	115.495567317	-8.34341005727
115.496833801	-8.34323501587	0.0148416231293	0.00329851268879	0.000175071201563	115.496833797	-8.34341008707
115.507102966	-8.34323501587	0.154155234905	0.0134589949992	0.000175164393664	115.507102967	-8.34341018026
115.494560242	-8.34323406219	0.0105171717293	0.00104901511011	0.000175968515368	115.494560237	-8.34341003071
115.49622345	-8.34323406219	0.0134635413951	0.00269462067562	0.000176011017401	115.496223445	-8.34341007321
115.505493164	-8.34323406219	0.0824299528243	0.01186622995	0.000176120924175	115.505493164	-8.34341018312
115.506080627	-8.34323406219	0.124224784976	0.0124474759774	0.000176120634336	115.506080628	-8.34341018283
115.507217407	-8.34323406219	0.158574344228	0.0135722247239	0.000176117617713	115.507217408	-8.34341017981
115.497276306	-8.34323310852	0.0155896461709	0.00373633442503	0.00017698801388	115.497276302	-8.34341009654
115.49797821	-8.34323215485	0.0158580132585	0.00443081008435	0.000177955693168	115.497978207	-8.34341011054
115.498023987	-8.34323215485	0.0175907275214	0.00447610203452	0.000177956563654	115.498023983	-8.34341011141
115.500320435	-8.34323215485	0.0244917014328	0.00674824553694	0.000177993494016	115.500320432	-8.34341014834
115.506126404	-8.34323215485	0.120940219253	0.0124927678316	0.000178027924064	115.506126404	-8.34341018277
115.559341431	-8.34322834015	-0.016344867473	0.0651445983441	0.000178223123431	115.559341455	-8.34340656327
115.493339539	-8.3432302475	0.00570747416901	-0.000158765172509	0.000179747607816	115.493339537	-8.34340999511
115.495681763	-8.34322929382	0.01205519828	0.00215866633508	0.000180766307718	115.495681758	-8.34341006013
115.496765137	-8.34322929382	0.014843707703	0.00323057478509	0.000180791734982	115.496765133	-8.34341008556
115.498001099	-8.34322929382	0.0193845616561	0.00445345610466	0.000180817152014	115.498001095	-8.34341011098
115.496795654	-8.34322834015	0.0156139035118	0.00326076957093	0.000181746082964	115.49679565	-8.34341008623
115.516639709	-8.34322834015	-0.0069285722014	0.0228948069536	0.000181690009346	115.516639715	-8.34341003016
115.512931824	-8.34322834015	0.0016169070015	0.0192261632556	0.000181775448283	115.512931827	-8.3434101156
115.50553894	-8.34322834015	0.0848891973448	0.0119115218091	0.000181842978548	115.50553894	-8.34341018313
115.495620728	-8.34322738647	0.0109738378736	0.00209827705847	0.000182672136312	115.495620723	-8.34341005861
115.49571228	-8.34322738647	0.012902299135	0.00218886084323	0.000182674412864	115.495712275	-8.34341006089
115.499229431	-8.34322738647	0.0231400051746	0.00566878865984	0.000182745968331	115.499229428	-8.34341013244
115.507331848	-8.3432264328	0.154724873896	0.0136854545142	0.000183746529155	115.507331849	-8.34341017933
115.498069763	-8.34322547913	0.0244320201505	0.00452139387017	0.000184633149097	115.49806976	-8.34341011228
115.498580933	-8.34322547913	0.0208541011412	0.0050271533561	0.000184642454201	115.498580929	-8.34341012158
115.495140076	-8.34322452545	0.0113788125392	0.00162271243284	0.000185520862781	115.495140071	-8.34341004632
115.496856689	-8.34322452545	0.0155683446323	0.00332115852406	0.000185562120573	115.496856685	-8.34341008757
115.496887207	-8.34322452545	0.0155275732599	0.00335135324625	0.000185562787243	115.496887203	-8.34341008824
115.505584717	-8.3432226181	0.0878281530679	0.0119568137172	0.000187565027678	115.505584717	-8.34341018313
115.506156921	-8.34322166443	0.121640092041	0.0125229624335	0.000188518299358	115.506156922	-8.34341018273
115.496261597	-8.34322071075	0.0140738242616	0.00273236366829	0.00018936335133	115.496261592	-8.34341007411
115.514205933	-8.34321975708	-0.00434490110024	0.0204867879526	0.000190333043553	115.514205937	-8.34341009012
115.50566864	-8.34321975708	0.0949823931258	0.0120398488395	0.000190426042915	115.50566864	-8.34341018312
115.50289917	-8.34321880341	0.030487938469	0.00929968903631	0.000191370653379	115.502899169	-8.34341017406
115.498497009	-8.34321784973	0.0219601746898	0.00494411804477	0.000192270365949	115.498497006	-8.3434101201
115.505630493	-8.34321784973	0.0925169862568	0.0120021055823	0.000192333397239	115.505630493	-8.34341018313
115.505714417	-8.34321689606	0.0981732826532	0.0120851408031	0.00019328705422	115.505714417	-8.34341018311
115.506721497	-8.34321689606	0.150040775091	0.013081562575	0.000193285469561	115.506721497	-8.34341018153
115.4923172	-8.34321498871	0.000756460545025	-0.00117028731614	0.000194973704785	115.492317194	-8.34340996241
115.517028809	-8.34321308136	-0.0053368625646	0.0232797885121	0.000196937835329	115.517028814	-8.3434100192
115.506309509	-8.34321308136	0.129833491043	0.0126739354509	0.000197101122273	115.50630951	-8.34341018248
115.513160706	-8.34321117401	-0.00493977092391	0.0194526230939	0.000198937309618	115.513160709	-8.34341011132
115.496307373	-8.34320926666	0.0135584999973	0.00277765542957	0.000200808510506	115.496307368	-8.34341007517
115.507362366	-8.34320831299	0.152861005734	0.0137156491737	0.000201866206797	115.507362367	-8.3434101792
115.496955872	-8.34320545197	0.015880478206	0.00341929054645	0.000204637765047	115.496955867	-8.34341008973
115.498054504	-8.34320545197	0.0157126381462	0.00450629616379	0.000204660021915	115.4980545	-8.34341011199
115.506233215	-8.34320449829	0.120687324972	0.0125984489635	0.000205684321372	115.506233216	-8.34341018261
115.495819092	-8.34320354462	0.0128309051408	0.00229454173158	0.000206518900201	115.495819087	-8.34341006352
115.497024536	-8.34320259094	0.0154304227741	0.00348722839918	0.000207500267657	115.497024532	-8.34341009121
115.497451782	-8.34320259094	0.0160300426528	0.00390995268234	0.000207509208982	115.497451778	-8.34341010015
115.505157471	-8.34320259094	0.0645864903933	0.0115340893389	0.000207591953972	115.50515747	-8.3434101829
115.495765686	-8.34320163727	0.0131702359207	0.002241701032	0.000208424937686	115.495765681	-8.34341006221
115.497543335	-8.34320068359	0.0174027376446	0.00400053642303	0.000209418414099	115.49754333	-8.34341010201
115.505599976	-8.34320068359	0.0901642781163	0.0119719110373	0.00020949953687	115.505599976	-8.34341018313
115.493019104	-8.34319972992	0.00553253518998	-0.000475811660862	0.000210255220949	115.493019099	-8.34340998514
115.498680115	-8.34319972992	0.0207475477616	0.00512528533415	0.00021039339037	115.498680111	-8.34341012331
115.492408752	-8.34319877625	-0.00107005130173	-0.00107970437823	0.000211189202571	115.492408746	-8.34340996545
115.516777039	-8.34319877625	-0.00569343304557	0.023030683493	0.00021125008714	115.516777045	-8.34341002633
115.560050964	-8.34319496155	-0.0133840619747	0.0658466273432	0.000211505527195	115.560050994	-8.34340646707
115.498817444	-8.34319782257	0.0246119649751	0.00526116096862	0.000212303093168	115.49881744	-8.34341012567
115.515869141	-8.34319782257	-0.00680378145784	0.0221323941633	0.000212228179081	115.515869146	-8.34341005075
115.506195068	-8.34319782257	0.122495400506	0.012560705722	0.000212360101252	115.506195069	-8.34341018267
115.494033813	-8.3431968689	0.000761772914379	0.000528155446427	0.000213146917029	115.494033805	-8.34341001581
115.506820679	-8.3431968689	0.148108721606	0.0131796950677	0.00021331233668	115.506820679	-8.34341018123
115.506744385	-8.34319591522	0.149908909334	0.0131042086338	0.000214266238972	115.506744385	-8.34341018146
115.496376038	-8.34319496155	0.0139721338249	0.00284559272559	0.000215115216493	115.496376032	-8.34341007677
115.497535706	-8.34319496155	0.0153739905369	0.0039929877151	0.000215140306094	115.497535701	-8.34341010186
115.498214722	-8.34319496155	0.0192865505665	0.00466481763197	0.000215153432493	115.498214718	-8.34341011498
115.51373291	-8.34319496155	-0.00364559992295	0.0200187721355	0.000215138507794	115.513732915	-8.34341010006
115.495292664	-8.34319400787	0.011485783471	0.00177368449282	0.000216042407254	115.495292658	-8.34341005028
115.514984131	-8.34319400787	-0.00601640916521	0.0212567508445	0.000216064690387	115.514984136	-8.34341007257
115.513771057	-8.3431930542	0.00275385232219	0.0200565154225	0.000217045076238	115.513771062	-8.34341009928
115.560127258	-8.3431892395	-0.0118968471743	0.0659221146292	0.000217217154161	115.560127289	-8.34340645666
115.507301331	-8.34319210052	0.153943556111	0.0136552600543	0.000218078936576	115.507301332	-8.34341017946
115.499229431	-8.34319114685	0.0239001117315	0.0056687880812	0.000218985592348	115.499229428	-8.34341013244
115.506286621	-8.34319114685	0.127959567628	0.0126512896204	0.000219035672155	115.506286622	-8.34341018252
115.49634552	-8.34319019318	0.0151727781728	0.00281539805235	0.000219882882311	115.496345515	-8.34341007606
115.514434814	-8.34319019318	-0.00860049808422	0.0207132480898	0.000219891940261	115.514434819	-8.34341008512
115.494102478	-8.3431892395	0.00821029924276	0.000596094219005	0.000220778293981	115.494102471	-8.3434100178
115.50567627	-8.3431892395	0.0953065751533	0.0120473975262	0.000220943619469	115.50567627	-8.34341018312
115.494689941	-8.34318828583	0.0103497555965	0.0011773408565	0.000221748446101	115.494689935	-8.34341003427
115.49810791	-8.34318828583	0.0188320688684	0.00455913640307	0.000221827164446	115.498107906	-8.34341011299
115.505065918	-8.34318828583	0.0642216878648	0.0114435055534	0.000221896958982	115.505065918	-8.34341018279
115.495864868	-8.34318733215	0.0135147823849	0.00233983283995	0.000222732481721	115.495864862	-8.34341006464
115.516830444	-8.34318733215	-0.0072777978005	0.0230835243494	0.000222692678282	115.516830451	-8.34341002483
115.496406555	-8.34318637848	0.0136885924854	0.00287578720531	0.000223698988765	115.49640655	-8.34341007747
115.503074646	-8.34318637848	0.0214481132828	0.0094733077659	0.000223796724725	115.503074645	-8.3434101752
115.495803833	-8.34318447113	0.0123791763125	0.0022794435687	0.000225592012639	115.495803827	-8.34341006314
115.580421448	-8.34317779541	-0.00528854497161	0.0860015263591	0.000225371877846	115.580421491	-8.34340316729
115.505180359	-8.34318351746	0.0606509851781	0.0115567353167	0.000226665464452	115.505180359	-8.34341018292
